username,timestamp,ip,country,success
Ronaldo,2025-05-30T03:12:00,192.168.0.2,Portugal,True
Messi,2025-05-30T14:05:00,8.8.8.8,Argentina,True
Neymar,2025-05-30T02:50:00,102.140.97.134,USA,False
Hazard,2025-05-30T05:23:00,172.16.254.1,Belgium,True
Ron,2025-05-30T09:00:00,10.0.0.1,USA,False
Mbappe,2025-05-31T10:12:00,192.0.2.1,France,True
Salah,2025-05-31T11:15:45,103.48.192.48,Egypt,False
DeBruyne,2025-05-31T12:30:10,198.51.100.5,Belgium,True
Kane,2025-05-31T13:45:30,103.149.27.228,England,True
Lewandowski,2025-06-01T08:50:00,198.51.100.12,Poland,False
Griezmann,2025-06-01T09:10:15,192.0.2.15,France,True
Dybala,2025-06-01T14:20:05,103.182.132.154,Argentina,True
HazardJr,2025-06-01T15:35:50,198.51.100.22,Belgium,False
Verratti,2025-06-02T16:40:25,192.0.2.25,Italy,True
Sancho,2025-06-02T17:55:00,203.0.113.30,England,True
Rashford,2025-06-03T06:05:10,107.172.252.183,England,False
Pogba,2025-06-03T07:15:00,192.0.2.35,France,True
Aubameyang,2025-06-03T18:30:45,203.0.113.38,Gabon,True
Son,2025-06-04T19:40:30,111.67.202.85,South Korea,False
Sterling,2025-06-04T20:55:20,192.0.2.42,England,True
Firmino,2025-06-05T21:10:10,203.0.113.45,Brazil,True
Modric,2025-06-05T22:25:55,107.0.200.227,Croatia,False
Kovacic,2025-06-06T23:40:35,192.0.2.50,Croatia,True
Alaba,2025-06-06T01:00:00,203.0.113.52,Austria,True
Haaland,2025-06-06T02:15:15,116.172.130.191,Norway,False
San√©,2025-06-07T03:30:25,192.0.2.58,Germany,True
DeGea,2025-06-07T04:45:10,203.0.113.60,Spain,True
Ederson,2025-06-07T05:50:05,198.51.100.63,Brazil,False
Benzema,2025-06-08T06:05:40,192.0.2.65,France,True
Lloris,2025-06-08T07:20:30,203.0.113.68,France,True
Mane,2025-06-08T08:35:15,119.60.2.236,Senegal,False
Kante,2025-06-09T09:50:00,192.0.2.72,France,True
Rodriguez,2025-06-09T10:05:55,203.0.113.75,Colombia,True
Busquets,2025-06-09T11:15:30,198.51.100.78,Spain,False
Coutinho,2025-06-10T12:30:45,192.0.2.80,Brazil,True
Isco,2025-06-10T13:45:10,203.0.113.83,Spain,True
Mahrez,2025-06-10T14:55:00,115.91.91.182,Algeria,False
Carvajal,2025-06-11T15:10:15,192.0.2.88,Spain,True
Varane,2025-06-11T16:20:40,203.0.113.90,France,True
Jorginho,2025-06-11T17:30:25,198.51.100.93,Italy,False
Reus,2025-06-12T18:45:10,192.0.2.95,Germany,True
SergioRamos,2025-06-12T19:55:05,203.0.113.98,Spain,True
Marcelo,2025-06-12T20:10:00,198.51.100.100,Brazil,False
Thiago,2025-06-13T21:20:40,192.0.2.102,Brazil,True
Kimmich,2025-06-13T22:30:15,203.0.113.105,Germany,True
LewandowskiJr,2025-06-13T23:40:50,198.51.100.108,Poland,False
Buffon,2025-06-14T01:00:30,192.0.2.110,Italy,True
Chiellini,2025-06-14T02:15:00,203.0.113.112,Italy,True
Vidal,2025-06-14T03:25:45,198.51.100.115,Chile,False
Rakitic,2025-06-15T04:40:20,192.0.2.118,Croatia,True
Perisic,2025-06-15T05:50:55,203.0.113.120,Croatia,True
SalahJr,2025-06-15T06:05:35,198.51.100.123,Egypt,False
Ziyech,2025-06-16T07:15:10,192.0.2.125,Morocco,True
Bale,2025-06-16T08:25:00,203.0.113.128,Wales,True
Draxler,2025-06-16T09:35:50,198.51.100.130,Germany,False
Neymar,2025-06-17T08:00:00,102.140.97.134,USA,False
Neymar,2025-06-17T09:15:00,102.140.97.134,USA,False
Salah,2025-06-17T10:25:00,103.48.192.48,Egypt,False
Salah,2025-06-17T11:40:00,103.48.192.48,Egypt,False
Haaland,2025-06-17T12:55:00,116.172.130.191,Norway,False
Haaland,2025-06-17T14:05:00,116.172.130.191,Norway,False
Marcelo,2025-06-17T15:10:00,198.51.100.100,Brazil,False
Marcelo,2025-06-17T16:20:00,198.51.100.100,Brazil,False
